A.A. Kingston Middle School,,NY
A.C. Crews Middle School,,GA
A.D. Johnston High School,,MI
A.D. Johnston Middle School,,MI
A.I. Root Middle School,,OH
A.R. Johnson Health Science and Engineering Magnet School,,GA
A.W. Coolidge Middle School,,MA
ALPs Charter School,,WI
Abington Heights High School,,PA
Abington Heights Middle School,,PA
Absarokee High School,,MT
Absarokee Middle School,,MT
Academic Magnet High School,,SC
Academy for Health and Medical Science,,NJ
"Academy for Science, Mathematics and Engineering Technologies",,NJ
Academy of Greatness and Excellence,,NJ
Academy of Science and Design,,NH
Academy of the Pacific Rim Charter Public School,,MA
Acton-Boxborough Regional High School,,MA
Adams Junior High School,,TX
Addison Trail High School,,IL
Adlai E. Stevenson High School,,IL
Advanced Technologies Academy,,NV
Akira Toki Middle School,,WI
Al-Ghazaly High School,,NJ
Al-Ghazaly Middle School,,NJ
Alameda Middle School,,ID
Alamo Heights Junior High School,,TX
Albany High School,,CA
Albany Middle School,,CA
Albuquerque Academy,,NM
Albuquerque Area Home Schoolers,,NM
Alexander High School,,OH
Alexander Junior High School,,OH
Alexis I. duPont High School,,DE
Alfred G. Waters Middle School,,DE
Algonquin Regional High School,,MA
Aliso Niguel High School,,CA
All Saints Catholic School,,DE
All Saints Catholic School,,KS
All Saints Catholic School,Antigo,WI
Allendale High School,,MI
Allendale Middle School,,MI
Allentown Central Catholic High School,,PA
Alpena High School,,MI
Alpharetta High School,,GA
Alpine School,,NJ
Alta Sierra Intermediate School,,CA
Altmar-Parish-Williamstown Junior/Senior High School,,NY
Alvirne High School,,NH
Amador Valley High School,,CA
Amana Academy,,GA
Amelia Earhart Middle School,,CA
American High School,,CA
Ames High School,,IA
Ames Middle School,,IA
Amherst-Pelham Regional High School,,MA
Amity Regional High School,,CT
Anderson High School,,TX
Andover High School,,MA
Anser Public Charter School,,ID
Apple Valley High School,,MN
Applied Technology High School,,NJ
Appoquinimink High School,,DE
Arbor Hills Junior High School,,OH
Arcadia High School,,CA
Archbishop Alter High School,,OH
Archbishop Hoban High School,,OH
Archimedean Middle Conservatory,,FL
Archimedean Upper Conservatory,,FL
Archmere Academy,,DE
Arden Middle School,,CA
Ardenwood Elementary School,,CA
Ardsley High School,,NY
Ardsley Middle School,,NY
Arendell Parrott Academy,,NC
Arlington High School,,MA
Arlington High School,,NY
Armstrong Middle School,,MS
Arroyo Seco Junior High School,,CA
Art Freiler School,,CA
Arthur L. Johnson High School,,NJ
Asotin Middle School,,WA
Athens Area High School,,PA
Athens City Middle School,,TN
Athens High School,,WI
Athens High School,Troy,MI
Atholton High School,,MD
Atkins Academic and Technology High School,,NC
AuGres-Sims High School,,MI
Auburn High School,,AL
Auburn Junior High School,,AL
Augusta Area Homeschoolers,,GA
Aurora High School,,OH
Austin Area Homeschoolers,,TX
Avon High School,,CT
Avon Lake High School,,OH
B. Reed Henderson High School,,PA
BASIS Independent Fremont,,CA
BASIS Independent McLean,,VA
BASIS Independent Silicon Valley,,CA
"BASIS Washington, D.C.",,DC
Badger Ridge Middle School / Core Knowledge Charter School,,WI
Bailey APAC Middle School,,MS
Baird Middle School,,CA
Baker Middle School,,MI
Baker Middle School,,OH
Bala Cynwyd Middle School,,PA
Baldwin-Woodville High School,,WI
Ballston Spa High School,,NY
Banks Trail Middle School,,SC
Baraboo High School,,WI
Barclay Elementary/Middle School,,MD
Barker Road Middle School,,NY
Barrington High School,,IL
Barrington High School,,RI
Barrington Middle School,,RI
Baton Rouge Magnet High School,,LA
Battle Ground High School,,WA
Baxter Academy for Technology and Science,,ME
Bay Academy,,NY
Bay City Western High School,,MI
Bay Shore High School,,NY
Bay Shore Middle School,,NY
Bay Trail Middle School,,NY
Bayard Rustin High School,,PA
Bayport-Blue Point High School,,NY
Baytul-Iman Academy,,NJ
Beachwood High School,,OH
Beachwood Middle School,,OH
Bearden Middle School,,TN
Beckendorff Junior High School,,TX
Beckman High School,,CA
Bedford High School,,NH
Bedford Middle School,,CT
Belfast Area High School,,ME
Belfry School,,MT
Belgrade High School,,MT
Belgrade Middle School,,MT
Bell Street Middle School,,SC
Belleville High School,,WI
Belleville Middle School,,WI
Bellevue East High School,,NE
Bellevue High School,,WA
Bellevue Mission Middle School,,NE
Belmont High School,,MA
Belmont Ridge Middle School,,VA
Beloit McNeel Middle School,,WI
Belt High School,,MT
Belt Middle School,,MT
Belvidere North High School,,IL
Ben Lippen High School,,SC
Ben Lippen Middle School,,SC
Benjamin Franklin High School,,LA
Benjamin Franklin Middle School,,IN
Benjamin Franklin Middle School,,NJ
Benjamin Franklin Middle School,,WI
Benzie Central High School,,MI
Bergen County Academies,,NJ
"Bergen County Technical High School, Teterboro Campus",,NJ
Bernardo Heights Middle School,,CA
Berrien Springs High School,,MI
Berrien Springs Middle School,,MI
Bessie Allen Middle School,,WI
Bethany Elementary School,,CA
Bethlehem Central High School,,NY
Big Sandy High School,,MT
Big Sandy Junior High School,,MT
Big Timber Grade School,,MT
Billings Central Catholic High School,,MT
Billings Skyview High School,,MT
Billings West High School,,MT
Bio-Med Science Academy,,OH
Biotechnology High School,,NJ
Birch Wathen Lenox School,,NY
Birchwood High School,,WI
Birchwood Middle School,,RI
Birchwood Middle School,,WI
Birmingham Covington School,,MI
Bishop Brady High School,,NH
Bishop Hendricken High School,,RI
Bishop Hendricken Middle School,,RI
Bishop Kelly High School,,ID
Bishop Ludden Junior/Senior High School,,NY
Bismarck High School,,ND
Bismarck Mandan Area Home Educators,,ND
Black Mountain Middle School,,CA
Blackmon Road Middle School,,GA
Blacksburg High School,,VA
Blaker Kinser Junior High School,,CA
Bloomer High School,,WI
Bloomington High School North,,IN
Bloomington High School South,,IN
Blue Valley North High School,,KS
Bluffton High School,,SC
Bob Miller Middle School,,NV
Boca Raton Community High School,,FL
Bonham Middle School,,TX
Bonny Eagle Middle School,,ME
Boston Latin School,,MA
Boston Middle School,,IN
Boston University Academy,,MA
Bothell High School,,WA
Boulan Park Middle School,,MI
Bowditch Middle School,,CA
Bowman County School,,ND
Box Elder High School,,MT
Boyceville High School,,WI
Boyceville Middle School,,WI
Bozeman High School,,MT
Brandon Middle School,,MS
Brandywine High School,,DE
Brandywine Springs Middle School,,DE
Branford High School,,CT
Bravo Medical Magnet High School,,CA
Brazoswood High School,,TX
Brea Junior High School,,CA
Brea Olinda High School,,CA
Brecksville-Broadview Heights High School,,OH
Brentwood High School,,NY
Brentwood High School,,TN
Brentwood Middle School,,TN
Briar Woods High School,,VA
Bridgewater-Raritan High School,,NJ
Brighton High School,,MI
Brighton High School,,NY
Broad Run High School,,VA
Brockport High School,,NY
Bronx High School of Science,,NY
Brookfield Central High School,,WI
Brookfield East High School,,WI
Brookings High School,,SD
Brooklyn Amity School,,NY
Brooklyn Technical High School,,NY
Brookwood High School,,GA
Brother Joseph C. Fox Latin School,,NY
Brown County Junior High School,,IN
Browning High School,,MT
Brush High School,,OH
Buchanan High School,,CA
Buchanan High School,,MI
Buckeye Junior High School,,OH
Buckley School,,NY
Buffalo Grove High School,,IL
Burleigh Manor Middle School,,MD
Burlington-Edison High School,,WA
Butternut High School,,WI
Butternut Middle School,,WI
Buzz Aldrin Middle School,,NJ
Byram Hills High School,,NY
Byron Center High School,,MI
C.J. Hooker Middle School,,NY
C.O.A.C.Homeschoolers,,MI
C.P. Weber Middle School,,NY
C.R. Anderson Middle School,,MT
C.S. Driver Middle School,,NY
Cab Calloway School of the Arts,,DE
Cabell Midland High School,,WV
Cabin John Middle School,,MD
Cadillac Senior High School,,MI
Caesar Rodney High School,,DE
California High School,San Ramon,CA
California Trail Junior High School,,KS
California Trail Middle School,,KS
Calkins Road Middle School,,NY
Calumet High School,,MI
Camas High School,,WA
Cambridge High School,,WI
Cambridge Rindge and Latin School,,MA
Camden High School,,NY
Campbell County High School,,WY
Campbell Middle School,,GA
Campbellsport Middle-High School,,WI
Canal Winchester Middle School,,OH
Canastota Junior/Senior High School,,NY
Canisius High School,,NY
Canton Charter Academy,,MI
Canton High School,,MI
Canton High School,,NY
Canyon Crest Academy,,CA
Canyon High School,,CA
Canyon Middle School,,CA
Canyon Park Junior High School,,WA
Cape Henlopen High School,,DE
Capistrano Valley High School,,CA
Capital High School,,ID
Capital High School,,MT
Caravel Academy,,DE
Cardinal Gibbons High School,,FL
Carl H. Kumpf Middle School,,NJ
Carlisle Middle School,,IN
Carmel High School,,CA
Carmel High School,,IN
Carmel Middle School,,CA
Carmel Valley Middle School,,CA
Carnage Magnet Middle School,,NC
Carrington Middle School,,ND
Carter County High School,,MT
Carthage High School,,NY
Cary Academy,,NC
Cary-Grove High School,,IL
Casa Grande High School,,CA
Casady Middle School,,OK
Casady School,,OK
Cascade Junior/Senior High School,,ID
Castro Valley High School,,CA
Catalina Foothills High School,,AZ
Cathedral High School,,MS
Catlin Gabel School,,OR
Cato-Meridian High School,,NY
Catoctin High School,,MD
Cedar Cliff High School,,PA
Cedar Ridge High School,,NC
Cedar Springs Home School,,TN
Cedar Springs Homeschool,,TN
Cedarcrest High School,,WA
Centennial High School,,MD
Centennial High School,,NV
Centereach High School,,NY
Centerville High School,,MT
Centerville High School,,OH
Centerville Junior High School,,CA
Centerville Junior High School,,MT
Centerville Middle School,,MT
Central Bucks High School South,,PA
Central Falls High School,,RI
Central High School,,WY
Central Jersey College Prep Charter School,,NJ
Central Magnet School,,TN
Central Texas Science Team,,TX
Central Valley High School,,WA
Central York High School,,PA
Centreville High School,,VA
Cerritos High School,,CA
Chaboya Middle School,,CA
Chadbourne Elementary School,,CA
Chagrin Falls High School,,OH
Chamblee Charter High School,,GA
Chamblee Middle School,,GA
Chaminade High School,,NY
Chandler Woods Charter Academy,,MI
Change Co-Op Home School,,CT
Chantilly High School,,VA
Chaparral High School,,CA
Chaparral Middle School,,CA
Chapel Hill High School,,NC
Chapin High School,,SC
Chapin Middle School,,SC
Chapin School,,NJ
Chapin School,,NY
Chardon High School,,OH
Chardon Middle School,,OH
Chariho High School,,RI
Chariho Middle School,,RI
Charles F. Brush High School,,OH
Charles H. Barrows STEM Academy,,CT
Charles W. Baker High School,,NY
Charlotte Catholic High School,,NC
Charlottesvile High School,,VA
Charlottesville High School,,VA
Charter School of Wilmington,,DE
Chateaugay Central School,,NY
Chattahoochee High School,,GA
Chattanooga School for the Arts and Sciences,,TN
Chelan High School,,WA
Chelan Middle School,,WA
Chelmsford High School,,MA
Cheney High School,,WA
Cherry Hill High School East,,NJ
Cherry Hill High School West,,NJ
Chesapeake Math and IT Academy High School,Laurel,MD
Chesapeake Math and IT Academy Middle School,Laurel,MD
Cheshire Academy,,CT
Chesterbrook Elementary School,,VA
Chesterton Middle School,,IN
Chetek-Weyerhaeuser High School,,WI
Chetek-Weyerhaeuser Middle School,,WI
Cheyenne Central High School,,WY
Cheyenne Mountain High School,,CO
Chichester Middle School,,PA
Chief Joseph Middle School,,MT
Chilton High School,,WI
Chinook High School,,MT
Chinook Junior High School,,MT
Chinook Middle School,,WA
Chippewa Falls Senior High School,,WI
Chippewa Middle School,,MI
Chippewa Middle School,,MN
Chittenango High School,,NY
Chittenango Middle School,,NY
Choteau High School,,MT
Choteau Junior High School,,MT
Christ and Trinity Lutheran School,,MI
Christ the Teacher Catholic School,,DE
Christensen Middle School,,CA
Christian Brothers Academy,,NJ
Christian Brothers Academy,Syracuse,NY
Churchill Junior High School,,NJ
Churchill Road Elementary School,,VA
Cicero-North Syracuse High School,,NY
Cincinnati Country Day School,,OH
Cinco Ranch Junior High School,,TX
Clague Middle School,,MI
Clancy School,,MT
Clarence High School,,NY
Clarion Area Junior High School,,PA
Classical High School,,RI
Classical School,Appleton,WI
Clayton A. Bouton High School,,NY
Clear Lake High School,,WI
Cleveland Heights High School,,OH
Clinton High School,,MS
Clinton High School,,NY
Clinton High School,,SC
Clinton Middle School,,SC
Clovis North High School,,CA
Clovis West High School,,CA
Colegio de Peru,,PE
Coleman Middle School,,GA
Coleytown Middle School,,CT
Colfax High School,,WI
Colfax Middle School,,WI
Colin Powell Elementary School,,VA
Collegiate School,,NY
Collierville High School,,TN
Collins Hill High School,,GA
Colonel John Wheeler Middle School,,IN
Colony High School,,AK
Colony Middle School,,AK
Colstrip High School,,MT
Colton Junior High School,,WA
Columbia High School,,ID
Columbia High School,,NY
Columbia River High School,,WA
Columbus Academy,,OH
Colville High School,,WA
Colvin Run Elementary School,,VA
Commack High School,,NY
Community Middle School,,NJ
Comstock STEM Academy,,MI
Conard High School,,CT
Concord Christian School,,TN
Concord High School,,DE
Conestoga High School,,PA
Connect Charter School,,CO
Connetquot High School,,NY
Conrad High School,,MT
Conrad Junior High School,,MT
Conrad Schools of Science,,DE
Coolidge Middle School,,MA
Cooper Middle School,,VA
Copley High School,,OH
Copley-Fairlawn Middle School,,OH
Cornell Middle/High School,,WI
Corona del Mar High School,,CA
Corona del Mar Middle School,,CA
Cortland High School,,NY
Corvallis High School,,MT
Corvallis Middle School,,MT
County Line High School,,AR
County Line Junior High School,,AR
Coupeville High School,,WA
Covington Middle School,,WA
Cranbury School,,NJ
Cranston High School East,,RI
Cranston High School West,,RI
Crean Lutheran High School,,CA
Creekside Middle School,,CA
Crossfield Elementary School,,VA
Crossroads Middle School,,NJ
Crystal Lake Central High School,,IL
Crystal Lake South High School,,IL
Crystal Springs Uplands School,,CA
Culbertson High School,,MT
Culbertson Middle School,,MT
Cumberland High School,,RI
Cumberland Valley High School,,PA
Cunningham Park Elementary School,,VA
Curtis Senior High School,,WA
Custer County District High School,,MT
Custer Middle School,,MT
Cut Bank High School,,MT
Cut Bank Middle School,,MT
Cuyahoga Lake Homeschool,,OH
Cypress Falls High School,,TX
Cypress Woods High School,,TX
D.C. Everest Middle School,,WI
D.C. Everest Senior High School,,WI
Dailey Middle School,,TX
Dakota High School,,MI
Dallas High School,,PA
Dallas Middle School,,PA
Dana Middle School,,CA
Daniel Wright Junior High School,,IL
Dansville Middle School,,MI
Dar-Un-Noor Academy,,GA
Darien High School,,CT
Darul Arqam School,,NJ
Davidson Academy,,NV
Davidson County Homeschool,,TN
Davidson Fine Arts Academy,,GA
Davis High School,,UT
Davis Junior High School,,MI
Davison High School,,MI
Dawson County High School,,MT
Dayspring Academy,,TN
Decatur High School,,GA
Deep Creek High School,,VA
Deer Park High School,,NY
Deerfield Academy,,MA
Del Campo High School,,CA
Del Mar High School,,CA
Del Norte High School,,CA
Del Valle High School,,TX
Delano High School,,MN
Delano Middle School,,MN
Delaware Military Academy,,DE
Delaware Valley Regional High School,,NJ
Delcastle Technical High School,,DE
Delmar High School,,DE
Delmar Middle School,,DE
Delmarva Christian High School,,DE
Delta High School,,WA
Demarest Middle School,,NJ
Denmark High School,,GA
Denmark High School,,WI
Deposit Central School,,NY
Deptford High School,,NJ
Desert Mountain High School,,AZ
Detroit Country Day Middle School,,MI
Detroit Country Day Upper School,,MI
Detroit Country Day Upper School,,OH
Devon Preparatory School,,PA
Diamond Bar High School,,CA
Discovery Charter School,,IN
Division Avenue High School,,NY
Division Avenue Senior High School,,NY
Doane Academy,,NJ
Dobyns-Bennett High School,,TN
Dodgen Middle School,,GA
Dominion Christian School,,VA
Dorman High School,,SC
Dougherty Valley High School,,CA
Dover High School,,DE
Dover High School,,NJ
Dr. Edward A. Ricci Middle School,,RI
Dr. Nathan A. Pitts-Ashburton Elementary/Middle School,,MD
Drake Middle School,,AL
Drummond Middle School,,MT
Dublin High School,,CA
Dulles High School,,TX
Duluth High School,,GA
Durham Academy,,NC
Dutch Fork High School,,SC
E.O. Smith Regional High School,,CT
E.P. Todd Middle School,,SC
EAGLE School,,WI
Eagle Hill Middle School,,NY
Eagle Peak Middle School,,CA
Eagle View Middle School,,PA
Earl L. Vandermeulen High School,,NY
East Bay Innovation Academy,,CA
East Brunswick High School,,NJ
East Cobb Middle School,,GA
East Coweta High School,,GA
East Grand Rapids High School,,MI
East Grand Rapids Middle School,,MI
East Greenwich High School,,RI
East Hampton Middle School,,NY
East Jackson Comprehensive High School,,GA
East Lansing High School,,MI
East Lyme High School,,CT
East Middle School,Farmington Hills,MI
East Middle School,Plymouth,MI
East Troy Middle School,,WI
East Valley High School,,WA
Eastern Middle School,,OH
Eastern Regional High School,,NJ
Eastern York Middle School,,PA
Eastlake High School,,WA
Eastview High School,,MN
Eastwood Middle School,,IN
Ed W. Clark High School,,NV
Eden Prairie High School,,MN
Edgewood High School of the Sacred Heart,,WI
Edgewood Middle School,,WI
Edison Computech 7-8,,CA
Edison High School,,NJ
Edison High School,Fresno,CA
Edward W. Bok Academy,,FL
Edwardsburg High School,,MI
Edwardsburg Middle School,,MI
Eisenhower High School,,MI
Eisenhower Middle School,,NJ
Eisenhower Middle School,,WI
El Dorado High School,,CA
El Modena High School,,CA
El Rancho Charter School,,CA
Eleanor Murray Fallon Middle School,,CA
Eleva-Strum High School,,WI
Eleva-Strum Middle School,,WI
Elizabethtown Area High School,,PA
Elizabethtown Area Middle School,,PA
Elk Mound High School,,WI
Elk Mound Middle School,,WI
Elkhorn Elementary School,,CA
Elmwood High School,,WI
Elmwood Middle School,,WI
Elwood-John H. Glenn High School,,NY
Endicott-St. John Middle School,,WA
Engineering and Science University Magnet School,,CT
Enloe Magnet High School,,NC
Ennis Middle School,,MT
Episcopal High School,,VA
Esperero Canyon Middle School,,AZ
Etiwanda High School,,CA
Evanston High School,,IL
Evansville High School,,WI
Evergreen Middle School,,WA
Evergreen Valley High School,,CA
ExCEL Homeschoolers,,WA
Exeter High School,,CA
Explorers Homeschool Academy,,TN
Fabius-Pompey Middle-High School,,NY
Fairchild Wheeler Interdistrict Multi-Magnet High School,,CT
Fairfax High School,,VA
Fairfield High School,,MT
Fairfield Junior High School,,UT
Fairfield Middle School,,MT
Fairmont Junior High School,,ID
Fairmont Prep Academy,,CA
Faith Heritage School,,NY
Faith Homeschool,,NC
Falcon Ridge Public Charter School,,ID
Fall Creek High School,,WI
Fallstaff Elementary/Middle School,,MD
Falmouth High School,,ME
Falmouth Middle School,,ME
Farmington High School,,CT
Farmwell Station Middle School,,VA
Farragut High School,,TN
Father Ryan High School,,TN
Fayetteville Christian School,,NC
Fayetteville-Manlius High School,,NY
Fergus High School,,MT
Fieldstone Middle School,,NY
First State Military Academy,,DE
Five Forks Middle School,,GA
Flat Rock Community High School,,MI
Flint Hill School,,VA
Flintridge Prep. School,,CA
Florence-Carlton High School,,MT
Florence-Carlton Middle School,,MT
Florida Atlantic University High School,,FL
Floris Elementary School,,VA
Foothill High School,,CA
Forest Hills Central High School,,MI
Forest Hills Central Middle School,,MI
Forest Hills Eastern Middle School,,MI
Forest Hills High School,,NY
Forest Hills Northern High School,,MI
Forest Ridge Academy,,IN
Forrest County Agricultural High School,,MS
Forsyth Central High School,,GA
Fort Atkinson High School,,WI
Fort Worthington Elementary/Middle School,,MD
Fossil Ridge High School,,CO
Fountain Valley High School,,CA
Fowlerville Junior High School,,MI
Fox Lane High School,,NY
Fox West Academy,,WI
Frankenmuth High School,,MI
Franklin High School,,CA
Franklin High School,,MA
Franklin High School,,TN
Franklin High School,Reisterstown,MD
Franklin Middle School,,WA
Franklin Regional High School,,PA
Franklin Regional Middle School,,PA
Franklin School K-8,,OR
Fred E. Weibel Elementary School,,CA
Fred Fifer Middle School,,DE
Fremont High School,,CA
Friedell Middle School,,MN
Friendship Christian School,,TN
Fritsche Middle School,,WI
Froid High School,,MT
Fromberg Public School,,MT
Frontier Middle School,,WA
Ft. Loramie High School,,OH
Fulton & Alsbury Academy,,CA
Fulton Science Academy,,GA
G.A. Stetson Middle School,,PA
GREEN Charter School,,SC
Galaxy Middle School,,FL
Gallagher Middle School,,RI
Gallatin Gateway School,,MT
Galvin Middle School,Wakefield,MA
Gardner Middle School,,CA
Garnet Valley High School,,PA
Garnet Valley Middle School,,PA
General Douglas MacArthur High School,,NY
George C. Marshall High School,,VA
George Read Middle School,,DE
Germantown High School,,MS
Germantown High School,,TN
Germantown Middle School,,MS
Gibbons Middle School,,MA
Glacial Drumlin School,,WI
Gladstone Junior High School,,MI
Gladwin Junior High School,,MI
Glasgow Middle School,,LA
Glastonbury High School,,CT
Glen A. Wilson High School,,CA
Glen Rock Middle School,,NJ
GlenOak High School,,OH
Glenbard South High School,,IL
Glenbrook Middle School,,MA
Glenfield Middle School,,NJ
Glenwood City High School,,WI
Glenwood City Middle School,,WI
Gold Trail School,,CA
Golda Och Academy,,NJ
Good Hope Middle School,,PA
Gordon Parks School For Inquisitive Minds,,NY
Goshen High School,,NY
Gould Academy,,ME
Governor Livingston High School,,NJ
Grace Church School,,NY
Graceland Park/O'Donnell Heights Elementary/Middle School,,MD
Granada High School,,CA
Grand Haven High School,,MI
Grand Rapids Christian High School,,MI
Grandview Heights Middle School,,OH
Grandville Middle School,,MI
Granite Ridge Intermediate School,,CA
Granville Middle School,,OH
Grass Range School,,MT
Great Falls Elementary School,,VA
Great Falls High School,,MT
Great Neck South High School,,NY
Great Neck South Middle School,,NY
Great Oak High School,,CA
Green Valley High School,,NV
Greenacres Middle School,,WA
Greenwich Country Day School,,CT
Greenwich High School,,CT
Grimmer Middle School,,IN
Grosse Point South High School,,MI
Grovetown High School,,GA
Guilderland High School,,NY
Guilford High School,,CT
Gulf Breeze High School,,FL
Gunn High School,,CA
"Gwinnett School of Mathematics, Science, and Technology",,GA
H.B. du Pont Middle School,,DE
H.C. Crittenden Middle School,,NY
H.H. Dow High School,,MI
Hackensack Middle School,,NJ
Hadley E. Watts Middle School,,OH
Half Hollow Hills High School East,,NY
Half Hollow Hills High School West,,NY
Hamburg Middle School,,NY
Hamden High School,,CT
Hamilton High School,,MI
Hamilton High School,,MT
Hamilton Middle School,,MT
Hamilton Middle School,,WI
Hammarskjold Middle School,,NJ
Hampton Bays High School,,NY
Harbor Lights Middle School,,MI
Harborfields High School,,NY
Harborside Academy,,WI
Hardin Middle School,,MT
Harlan Rowe Middle School,,PA
Harlem High School,,IL
Harlowton High School,,MT
Harlowton Junior High School,,MT
Harmony School of Innovation,Brownsville,TX
Harmony School of Innovation,Fort Worth,TX
Harper Park Middle School,,VA
Harrison High School,,GA
Harriton High School,,PA
Hartford Central Middle School,,WI
Hartford Middle School,,MI
Hartford Union High School,,WI
Hartland High School,,MI
Harvest Park Middle School,,CA
Haslett High School,,MI
Hastings High School,,MI
Hauppauge High School,,NY
Hauppauge Middle School,,NY
Haverford High School,,PA
Haverford Middle School,,PA
Haworth Public School,,NJ
Hawthorne Middle School,,ID
Haycock Elementary School,,VA
Hayfield Secondary School,,VA
Hebron Academy,,ME
Hebron Middle School,,IN
Helena Area Christian Home Educators,,MT
Helena High School,,MT
Helena Middle School,,MT
Henderson Middle School,,GA
Hendrickson High School,,TX
Henninger High School,,NY
Henrietta Lacks Health and Bioscience High School,,WA
Herbert Henry Dow High School,,MI
Herbert Hoover Middle School,,MD
Heritage Christian School,,MT
Heritage Middle School,,NJ
Hershey High School,,PA
Hershey Middle School,,PA
Hewlett High School,,NY
Hickman Charter School,,CA
Hicksville High School,,NY
Hidden Valley High School,,VA
High Tech High School,Secaucus,NJ
High Technology High School,Lincroft,NJ
Higher Achievement Scholars of Lakeland Elementary/Middle School,,MD
Highlands Intermediate School,,HI
Highlands Latin School,,KY
Highlands Middle School,,WA
Hightower Trail Middle School,,GA
Highview Middle School,,MN
Hillman Senior High School,,MI
Hillsborough High School,,NJ
Hillsborough Middle School,,NJ
Hillside High School,,NJ
Hillside Middle School,,MI
Hinsdale Central High School,,IL
Hinsdale South High School,,IL
Hoboken Charter School,,NJ
Hoboken Dual Language Charter School,,NJ
Hollis Brookline High School,,NH
Holmdel High School,,NJ
Holt High School,,MI
Holt Junior High School,,MI
Holy Angels School,Dayton,OH
Holy Family Homeschool,,WI
Holy Innocents Episcopal School,,GA
Holy Name Catholic Middle School,,MI
Holy Rosary Academy,,TN
Holy Spirit Catholic School,,ID
Homer Central High School,,NY
Homeschool Science Colorado,,CO
Homestead High School,,CA
Hope High School,,RI
Hope Highlands Middle School,,RI
Hopewell Valley Central High School,,NJ
Hopkins Junior High School,,CA
Hopkins School,,CT
Horace Greeley High School,,NY
Horace Mann School,,NY
Horizon Science Academy Cleveland High School,,OH
Hortonville Middle School,,WI
Hotchkiss School,,CT
Houston High School,,TN
Houston Middle School,,TN
Howard L. Goff Middle School,,NY
Hudson Arts and Science Charter School,,NJ
Hudson High School,,OH
Hudson High School,,WI
Hudson Middle School,,MI
Hudson Middle School,,OH
Hudson Middle School,,WI
Hudson Valley Consortium,,NY
Hugh B. Bain Middle School,,RI
Hugh C. Williams Senior High School,,NY
Hume-Fogg Magnet High School,,TN
Hun School of Princeton,,NJ
Hunter College High School,,NY
Huntington Beach High School,,CA
Huntington High School,,NY
Huntington High School,,WV
Huntington Middle School,,CA
Huntington Middle School,,WV
Huntley High School,,IL
Huntley Project School,,MT
Huron High School,,MI
Hyde Park Middle School Academy of Science and Mathematics,,NV
ILM Academy,,GA
Idaho Arts Charter School,,ID
Idaho Fine Arts Academy,,ID
Immaculate Heart Academy,,NJ
Independence Middle School,,DE
Indian Trail High School and Academy,,WI
Inglemoor High School,,WA
Inglewood Middle School,,WA
Innovations STEM Academy,,WI
Interlake High School,,WA
International Academy Central,,MI
International Academy East,,MI
International Academy West,,MI
International Community School,,WA
Irmo High School,,SC
Irmo Middle School,,SC
Irondale High School,,MN
Iroquois Middle School,,MI
Irvine High School,,CA
Irving A. Robbins Middle School,,CT
Irvington High School,,CA
Isaac Bear Early College High School,,NC
Islamic Academy,,DE
Island Trees High School,,NY
Islander Middle School,,WA
Islip High School,,NY
Islip Middle School,,NY
Ithaca High School,,MI
Ithaca High School,,NY
J. Michael Lunsford Middle School,,VA
J.C. Booth Middle School,,GA
J.C. McKenna Middle School,,WI
J.E.B. Stuart High School,,VA
J.L. Mann High School,,SC
J.M. Alexander Middle School,,NC
J.R. Fugett Middle School,,PA
J.R. Tucker High School,,VA
Jackson Creek Middle School,,IN
James B. Conant High School,,IL
James C. Enochs High School,,CA
James L. Day Middle School,,CA
James Madison High School,,VA
James Madison Memorial High School,,WI
James Wilson Young Middle School,,NY
Jamestown High School,,VA
Jamestown Lawn School,,RI
Jamesville-Dewitt High School,,NY
Jay M. Robinson Middle School,,NC
Jefferson Charter Academy,,CA
Jefferson High School,,MT
Jefferson Middle School,,MI
Jeffrey Trail Middle School,,CA
Jenison Junior High School,,MI
Jenkins Junior/Senior High School,,WA
Jericho High School,,NY
Jericho Middle School,,NY
Joaquin Miller Middle School,,CA
John Champe High School,,VA
John F. Kennedy Catholic High School,,NY
John F. Kennedy High School,Bellmore,NY
John F. Kennedy High School,Bloomington,MN
John F. Kennedy Memorial High School,,NJ
John Gomes Elementary School,,CA
John Hersey High School,,IL
John Jay High School,Cross River,NY
John Jay High School,Hopewell Junction,NY
John Marshall High School,,MN
John Muir Middle School,Wausau,WI
John P. Stevens High School,,NJ
John Sevier Middle School,,TN
Johns Creek High School,,GA
Johnson Creek Middle School,,WI
Joliet High School,,MT
Joliet Middle School,,MT
Jonas E. Salk Middle School,,NY
Jonathan Law High School,,CT
Jordan High School,,NC
Jordan-Elbridge High School,,NY
Joseph A. Foran High School,,CT
Julia R. Masterman Laboratory and Demonstration School,,PA
Justice High School,,VA
Kahler Middle School,,IN
Kaiyo Academy,,JP
Kamiak High School,,WA
Kamiakin Middle School,,WA
Kane Area High School,,PA
Kane Area Middle School,,PA
Kate Bond Middle School,,TN
Kealing Middle School,,TX
Keene Central School,,NY
Kellenberg Memorial High School,,NY
Kelly Walsh High School,,WY
Kenmore West High School,,NY
Kennedy Middle School,,CA
Kenosha STEM Middle School,,WI
Kenston High School,,OH
Kenston Middle School,,OH
Kent Gardens Elementary School,,VA
Kent Place School,,NJ
Kenwood Trail Middle School,,MN
Kickemuit Middle School,,RI
Kids Need Enrichment SAIL,,NY
Kilmer Middle School,,VA
Kimberly Middle School,,ID
Kinawa 5-6 School,,MI
Kings Park High School,,NY
Kingsway Regional High School,,NJ
Knoxville Area Homeschoolers,,TN
Kraemer Middle School,,CA
Kuna Middle School,,ID
Kutztown Area Middle School,,PA
Kutztown High School,,PA
Kutztown Middle School,,PA
L&N STEM Academy,,TN
L'Anse Creuse High School,,MI
L'Anse Creuse Middle School - East,,MI
L'Anse Creuse Middle School - North,,MI
L'Anse Creuse Middle School - South,,MI
L.J. Hauser Junior High School,,IN
LISA Academy West Middle School,,AR
La Habra High School,,CA
La Loma Junior High School,,CA
LaSalle Academy,,IN
LaSalle Academy,,RI
Ladera Ranch Middle School,,CA
Ladera Vista Junior High School of the Arts,,CA
Ladue Horton Watkins High School,,MO
Ladue Middle School,,MO
Laguna Creek High School,,CA
Laing Middle School,,SC
Lake Braddock Middle School,,VA
Lake Braddock Secondary School,,VA
Lake Central High School,,IN
Lake Country School,,WI
Lake Placid High School,,NY
Lake Placid Middle School,,NY
Lake Travis High School,,TX
Lakeland Union High School,,WI
Lakeland Union High School,Minocqua,WI
Laker High School,,MI
Lakeshore Middle School,Grand Haven,MI
Lakeshore Middle School,Stevensville,MI
Lakeside High School,,WA
Lakeside High School,Evans,GA
Lakeside Middle School,Spokane,WA
Lambert High School,,GA
Langley High School,,VA
Langston Charter Middle School,,SC
Langston Hughes Middle School,,VA
Lanier Middle School,,VA
Lansing Homeschool Scholars Middle School,,MI
Lapeer High School,,MI
Larson Middle School,,MI
Las Americas ASPIRA Academy,,DE
Las Lomas High School,,CA
Laurel High School,,PA
Laurel Junior High School,,PA
Laurel Middle School,,MT
Lawrence Academy,,MA
Lawrence E. Elkins High School,,TX
Lawrence High School,,NJ
Layton High School,,UT
Leawood Middle School,,KS
Lebanon High School,,NH
Lee Burneson Middle School,,OH
Lee Early College,,NC
Legacy High School,,ND
Lehighton Area High School,,PA
Lehman Catholic High School,,OH
Leigh High School,,CA
Lemon Road Elementary School,,VA
Lenape High School,,NJ
Leon M. Goldstein High School for the Sciences,,NY
Leota Middle School,,WA
Lewis S. Mills High School,,CT
Lewistown Junior High School,,MT
Lexington High School,,MA
Libby High School,,MT
Libby Middle School,,MT
Libby Middle School,,WA
Liberal Arts and Science Academy High School,,TX
Liberty Junior High School,,WA
Liberty Middle School,,MI
Liberty Middle School,,WA
Liberty Senior High School,,WA
Lincoln Academy,,ME
Lincoln High School,Lincoln,RI
Lincoln Middle School,,RI
Lincoln Middle School,,WA
Lincoln School,Providence,RI
Lincoln Southwest High School,,NE
Lisbon High School,,ME
Lisle High School,,IL
Little Mill Middle School,,GA
Little Rock Central High School,,AR
Livermore High School,,CA
Liverpool High School,,NY
Livingston High School,,NJ
Lockwood High School,,MT
Lodi High School,,CA
Logan Fontenelle Middle School,,NE
Lone Rock School,,MT
Lone Star Middle School,,ID
Longfellow Middle School,,VA
Longmeadow High School,,MA
Longwood Senior High School,,NY
Lora L. Batchelor Middle School,,IN
Los Alamitos High School,,CA
Los Altos High School,,CA
Los Gatos High School,,CA
Louise Archer Elementary School,,VA
Loveland High School,,OH
Lowell Middle School,,IN
Lower Merion High School,,PA
Loyola Academy,,IL
Lumpkin County Middle School,,GA
Luther Jackson Middle School,,VA
Lyme-Old Lyme High School,,CT
Lyme-Old Lyme Middle School,,CT
Lynbrook High School,,CA
Lyons Township High School,,IL
MHLT Elementary School,Minocqua,WI
Maarif School,,NJ
MacArthur High School,,NY
MacDonald Middle School,,MI
Macatawa Bay Middle School,,MI
Mackinaw City High School,,MI
Macopin Middle School,,NJ
Madison Central High School,,MS
Madison Country Day School,,WI
Madison Junior High School,,IN
Madison Ridgeland Academy,,MS
Madison West High School,,WI
Madras Middle School,,GA
Magnolia Science Academy,,CA
Magsig Middle School,,OH
Mahwah High School,,NJ
Main Street Academy,,GA
Maine Endwell Middle School,,NY
Maine South High School,,IL
Malcom Bridge Middle School,,GA
Mallard Creek High School,,NC
Malow Junior High School,,MI
Manchester Junior/Senior High School,,IN
Manchester Middle School,,VA
Manhasset Secondary School,,NY
Manhattan High School,,MT
Manhattan Middle School,,MT
Manheim Central High School,,PA
Manistee Catholic Central Middle School,,MI
Manistee High School,,MI
Mantua Elementary School,,VA
Maple Hill Senior High School,,NY
Maple Mountain High School,,UT
Maple Valley High School,,ND
Maree G. Farring Elementary/Middle School,,MD
Maria L. Varisco-Rogers Charter School,,NJ
Marie Murphy School,,IL
Marine City High School,,MI
Marine City Middle School,,MI
Marion High School,,SC
Markham Woods Middle School,,FL
Marquette University High School,,WI
Marriotts Ridge High School,,MD
Marshall High School,Marshall,WI
Marshall Middle School,,CA
Marshall Middle School,Marshall,WI
Marshfield High School,,WI
Marshfield Middle School,,WI
Martin Luther King High School,,CA
Marysville High School,,MI
Marysville Middle School,,MI
Mason High School,,MI
Mason High School,,OH
Mason Middle School,,OH
Massabesic High School,,ME
Master's School,,CT
Mat-Su Career and Technical High School,,AK
Mattawan High School,,MI
Mattawan Middle School,,MI
Maui Preparatory Academy,,HI
May River High School,,SC
Mayfield High School,,OH
Mayfield Middle School,,OH
Mayo High School,,MN
McAuliffe Middle School,,CA
McCleskey Middle School,,GA
McCord Junior High School,,OH
McCormick Junior High School,,WY
McFarland High School,,WI
McIntosh High School,,GA
McLean High School,,VA
McNair Elementary School,,VA
McNeel Intermediate School,,WI
Meadow Glen Middle School,,SC
Meadowbrook Middle School,,CA
Meadowview Middle School,,WI
Meads Mill Middle School,,MI
Medea Creek Middle School,,CA
Medford Area Middle School,,WI
Medford Area Senior High School,,WI
Medford Memorial School,,NJ
Medina High School,,OH
Medomak High School,,ME
Medomak Middle School,,ME
Memorial Middle School,,OH
Memphis School of Excellence,,TN
Mendham High School,,NJ
Menlo-Atherton High School,,CA
Menomonie High School,,WI
Menomonie Middle School,,WI
Mentor High School,,OH
Merced High School,,CA
Mercer High School,,WI
Mercer Island High School,,WA
Merrick Avenue Middle School,,NY
Merrimack High School,,NH
Merrimack Middle School,,NH
Mesa Robles School,,CA
Mesa Verde Middle School,,CA
Methacton High School,,PA
Meyer Middle School,,WI
Meyzeek Middle School,,KY
Mica Peak High School,,WA
Mid-Carolina High School,,SC
Mid-Carolina Middle School,,SC
Middle Creek High School,,NC
Middle School Honors Academy at Christiana High School,,DE
Middlebrook Middle School,,CT
Middleburg Academy,,VA
Middleton High School,,WI
Middleton Middle School,,ID
Middletown High School,,DE
Middletown Middle School,,MD
Middletown-Odessa-Townsend Charter School,,DE
Milford High School,,NH
Milford Junior High School,,OH
Mililani High School,,HI
Millburn High School,,NJ
Millburn Middle School,,NJ
Millersburg Middle School,,PA
Millington Junior High School,,MI
Milpitas High School,,CA
Milton Academy,,MA
Milton High School,,GA
Milwaukee School of Languages,,WI
Minocqua-Hazelhurst-Lake Tomahawk Elementary School,Minocqua,WI
Mira Loma High School,,CA
Miss Porter's School,,CT
Mission Middle School,,NE
Mission San Jose Elementary School,,CA
Mission San Jose High School,,CA
Mission Valley Elementary School,,CA
Mission Viejo High School,,CA
Mississippi School for Mathematics and Science,,MS
Modesto High School,,CA
Mohonasen High School,,NY
Monocacy Valley Montessori Public Charter School,,MD
Monona Grove High School,,WI
Monroe Central High School,,OH
Monroe Middle School,,WI
Monroe Township Middle School,,NJ
Monta Vista High School,,CA
Montana City School,,MT
Montclair High School,,NJ
Montgomery Bell Academy,,TN
Montgomery High School,,NJ
Montgomery Upper Middle School,,NJ
Monticello Middle School,,OH
Montville Township High School,,NJ
Moorestown Friends School,,NJ
Morris Hills High School,,NJ
Moses Brown School,,RI
Moses Lake High School,,WA
Mounds View High School,,MN
Mount Academy,,NY
Mount Hope High School,,RI
Mount Horeb High School,,WI
Mount Horeb Middle School,,WI
Mount Merici Middle School,,ME
Mount Olive Middle School,,NJ
Mount Pleasant High School,,DE
Mount Saint Charles Academy,,RI
Mount Sophia Academy,,DE
Mount Vernon High School,,IA
Mount Vernon Middle School,,IA
Mountain House High School,,CA
Mountain Lakes High School,,NJ
Mountain View High School,,CA
Mountain View High School,,ID
Mountain View High School,,WA
Mountainside Middle School,,WA
Mt. Airy Middle School,,MD
Mt. Ararat High School,,ME
Mt. Hebron High School,,MD
Mt. Lebanon High School,,PA
Munster High School,,IN
Murchison Middle School,,TX
Muscatel Middle School,,CA
Mystic Middle School,,CT
Naper Valley Homeschool,,IL
Naperville Central High School,,IL
Naperville North High School,,IL
Nashua High School North,,NH
Nashua High School South,,NH
Natchez Early College Academy,,MS
Nathan Bishop Middle School,,RI
Nathan Hale High School,,WI
Nathanael Greene Middle School,,RI
Nathaniel Hawthorne Middle School 74,,NY
National Cathedral School,,DC
Naugatuck High School,,CT
Neenah High School,,WI
Neshoba Central High School,,MS
Nettleton High School,,AR
Nettleton Junior High School,,AR
Neuqua Valley High School,,IL
New Albany High School,,OH
New Albany Middle School,,OH
New Braunfels High School,,TX
New Hartford Senior High School,,NY
New Lisbon Middle School,,WI
New Providence High School,,NJ
New Providence Middle School,,NJ
New Richmond High School,,WI
New Richmond Middle School,,OH
New Richmond Middle School,,WI
New Roots Charter School,,NY
New Trier High School,,IL
Newark Charter School,,DE
Newark High School,,DE
Newberry Middle School,,SC
Newington High School,,CT
Newnan High School,,GA
Newton North High School,,MA
Newton South High School,,MA
Newtown Home School,,CT
Next Charter School,,NH
Nichols School,,NY
Nikolay Middle School,,WI
Niles North High School,,IL
Niskayuna High School,,NY
Noor-Ul-Iman School,,NJ
Nordonia High School,,OH
Nordonia Middle School,,OH
North Austin Science Alliance,,TX
North Bethesda Middle School,,MD
North Carolina School of Science and Mathematics,,NC
North Clarion Junior/Senior High School,,PA
North Cumberland Middle School,,RI
North East High School,,PA
North Gwinnett High School,,GA
North Harrison Middle School,,IN
North Hollywood High School,,CA
North Junior High School,,ID
North Kitsap High School,,WA
North Mecklenburg High School,,NC
North Middle School,,MT
North Middle School,,NY
North Newton Junior/Senior High School,,IN
North Penn High School,,PA
North Pocono High School,,PA
North Pocono High School,,VA
North Pocono Middle School,,PA
North Providence High School,,RI
North Royalton High School,,OH
North Royalton Middle School,,OH
North Smithfield Middle School,,RI
North Syracuse Junior High School,,NY
North Toole County High School,,MT
North Woolmarket Middle School,,MS
Northeast Middle School,,MI
Northern Hills Middle School,,MI
Northern Lights ABC School,,AK
Northgate High School,,GA
Northland Christian Education System,,MO
Northley Middle School,,PA
Northmont High School,,OH
Northmont Middle School,,OH
Northport High School,,NY
Northridge High School,,IN
Northridge Middle School,,IN
Northshore Junior High School,,WA
Northstar Middle School,,WA
Northview High School,,GA
Northview High School,,OH
Northville High School,,MI
Northwest Rankin High School,,MS
Northwestern Lehigh High School,,PA
Northwestern Middle School,,GA
Northwood High School,,CA
Norwin High School,,PA
Norwin Middle School,,PA
Not Your Ordinary School Charter School,,TX
Notre Dame Elementary School,,OH
Notre Dame High School,Elmira,NY
Notre Dame High School,San Jose,CA
Notre Dame High School,Sherman Oaks,CA
Notre Dame-Cathedral Latin School,,OH
Nouvel Catholic Central High School,,MI
Noxon Public School,,MT
Nysmith School for the Gifted,,VA
O'Neal School,,NC
O.A. Todd Middle School,,NY
Oak Avenue Intermediate School,,CA
Oak Grove Elementary School,,CA
Oak Grove Middle School,,MS
Oak Hall School,,FL
Oak Hill Elementary School,,VA
Oak Middle School,,CA
Oak Park and River Forest High School,,IL
Oak Valley Middle School,,CA
Oakbrook Preparatory Academy,,SC
Oakbrook Preparatory School,,SC
Oakcrest School,,VA
Oakdale High School,,CA
Oakdale Middle School,,MD
Oakland Mills High School,,MD
Oaklawn Elementary School,Menomonie,WI
Oakton High School,,VA
Obra D. Tompkins High School,,TX
Ocean Air School,,CA
Ocean Springs Elementary School,,MS
Oconee County Middle School,,GA
Odle Middle School,,WA
Odyssey Middle School,,WA
Okemos High School,,MI
Olathe East High School,,KS
Olathe North High School,,KS
Olde Towne Middle School,,MS
Olentangy High School,,OH
Olentangy Liberty High School,,OH
Olentangy Orange High School,,OH
Onalaska High School,,WI
Oneida High School,,NY
Onteora High School,,NY
Orange County School of the Arts,,CA
Orefield Middle School,,PA
Oregon High School,,WI
Oregon Middle School,,WI
Orlando Homeschool Science Olympiad,,FL
Orlando Science High School,,FL
Orlando Science Middle School,,FL
Orlando Science Technology Campus,,FL
Orville Middle School,,OH
Osceola Science Charter School,,FL
Osseo-Fairchild High School,,WI
Ottawa Hills High School,,OH
Our Lady of Mercy School,,RI
Our Lady of the Valley School,,AL
Our Mother of Sorrows Catholic School,,AZ
Overlake High School,,WA
Oxford Academy,,CA
Oxford High School,,CT
Oxford High School,,MS
Oxford Middle School,,MS
P.S. duPont Middle School,,DE
Pacific Academy Irvine,,CA
Pacific Trails Middle School,,CA
Padua Academy,,DE
Paideia School,,GA
Palatine High School,,IL
Palmetto Academy of Learning and Success,,SC
Palo Alto High School,,CA
Palo Verde Intermediate School,,CA
Paragon Science Academy,,AZ
Park City High School,,MT
Park City Junior High School,,MT
Park Forest Middle School,,PA
Park High School,,MT
Parkersburg High School,,WV
Parkland High School,,PA
Parklane Academy,,MS
Parkview High School,,GA
Parsippany High School,,NJ
Parsippany Hills High School,,NJ
Pascack Hills High School,,NJ
Patchogue-Medford High School,,NY
Paterson Academy for the Gifted and Talented,,NJ
Paterson Arts and Science Charter School,,NJ
Paterson Charter for Science and Technology,,NJ
Paul D. Schreiber High School,,NY
Paul J. Gelinas Junior High School,,NY
Paw Paw High School,,MI
Paw Paw Middle School,,MI
Pearl City High School,,HI
Pearl River Central High School,,MS
Pearl River Central Middle School,,MS
Pearl River High School,,NY
Pembroke Hill School,,MO
Penfield High School,,NY
Penn Yan Middle School,,NY
Penncrest High School,,PA
Pennington School,,NJ
Perkiomen School,,PA
Perkiomen Valley High School,,PA
Perry High School,,MI
Perry High School,Perry,OH
Peter Hansen Elementary School,,CA
Peters Township Middle School,,PA
Pflugerville High School,,TX
Philadelphia High School for Girls,,PA
Phillips Exeter Academy,,NH
Piedmont Hills High School,,CA
Piedmont IB Middle School,,NC
Pilgrim High School,,RI
Pilgrimage Homeschool,,MD
Pinnacle Academy,,VA
Pioneer Academy,,NJ
Pioneer High School,Ann Arbor,MI
Pioneer High School,San Jose,CA
Pioneer Middle School,Tustin,CA
Piqua High School,,OH
Piscataway High School,,NJ
Pittsford Sutherland High School,,NY
Pittsville High School,,WI
Platteville High School,,WI
Platteville Middle School,,WI
Plattsburgh High School,,NY
Pleasant Grove High School,,CA
Pleasant Knoll Middle School,,SC
Pleasant Ridge Middle School,,KS
Pleasantville Middle School,,NY
Plymouth Christian High School,,MI
Plymouth Christian Middle School,,MI
Plymouth High School,,MI
Plymouth Whitemarsh High School,,PA
Poly Prep Country Day School,,NY
Polytechnic School,,CA
Pomolita Middle School,,CA
Pond Road Middle School,,NJ
Pope High School,,GA
Poplar Tree Elementary School,,VA
Port Jefferson Middle School,,NY
Port Susan Middle School,,WA
Portage Central High School,,MI
Portage West Middle School,,MI
Portland Middle School,,MI
Portola High School,,CA
Portsmouth High School,,RI
Portsmouth Middle School,,RI
Postlethwaite Middle School,,DE
Potomac Falls High School,,VA
Poudre High School,,CO
Power Middle School,,MI
Powhatan High School,,VA
Powhatan Middle School,,VA
Poynette High School,,WI
Prattville Christian Academy,,AL
Presentation High School,,CA
Preston Middle School,,CO
Pride Academy Charter School,,NJ
Primoris Academy,,NJ
Princeton Day School,,NJ
Princeton High School,,NJ
Princeton International School of Mathematics and Science,,NJ
Providence Elementary School,,VA
Pullman High School,,WA
Purvis Middle School,,MS
Quaker Valley Middle School,,PA
Quakey Valley High School,,PA
Quarry Lane School,,CA
Queen of Apostles School,,WI
Quileute Tribal School,,WA
R.C. Murphy Junior High School,,NY
Rachel Carson Middle School,,VA
Raisbeck Aviation High School,,WA
Raleigh Charter High School,,NC
Rancho Bernardo High School,,CA
Rancho Milpitas Middle School,,CA
Rancho San Joaquin Middle School,,CA
Randolph High School,,NJ
Randolph Middle School,,NJ
Randolph School,,AL
Ranney School,,NJ
Ravena-Coeymans-Selkirk Senior High School,,NY
Ravenwood High School,,TN
Raymond Park Middle School,,IN
Red Creek High School,,NY
Red Hill Lutheran School,,CA
Red Land High School,,PA
Red Lion Christian Academy,,DE
Redmond High School,,WA
Redmond Middle School,,WA
Redwood Christian High School,,CA
Redwood High School,Visalia,CA
Redwood Middle School,,CA
Reed Point High School,,MT
Reed Point Junior High School,,MT
Reed Point-Rapelje High School,,MT
Reed Point-Rapelje Middle School,,MT
Renaissance at Rand Middle School,,NJ
Reservoir High School,,MD
Revere High School,,OH
Rice Lake Middle School,,WI
Richards Middle School,,GA
Richmond Hill High School,,GA
Richmond Secondary School,,BC
Ridge High School,,NJ
Ridgefield High School,,CT
Rigby High School,,ID
Riley Street Middle School,,MI
Rising Star Academy,,NJ
Rising Starr Middle School,,GA
River Bend Middle School,,VA
River Bluff High School,,SC
River Bluff Middle School,,WI
River City Science Academy,,FL
River Hill High School,,MD
River Ridge High School,,GA
River Trail Middle School,,GA
Riverside Christian School,,WA
Riverside STEM Academy,,CA
Riverton Middle School,,WY
Riverwood International Charter School,,GA
Riverwood Middle School,,TX
Robbinsville High School,,NJ
Robert C. Fisler School,,CA
Robert E. Lee High School,Springfield,VA
Robert Frost Middle School,,VA
Robert M. La Follette High School,,WI
Robert R. Lazar Middle School,,NJ
Roberto Clemente Middle School,,MD
Robinson Secondary School,,VA
Rochester Academy Charter School,,NY
Rock Ridge High School,,VA
Rockbridge Academy,,MD
Rocky River High School,,OH
Rocky River Middle School,,OH
Rocky Run Middle School,,VA
Roland Park Elementary/Middle School,,MD
Rolling Hills Middle School,,CA
Roosevelt Middle School,,MT
Rosemead High School,,CA
Roslyn High School,,NY
Ross N. Robinson Middle School,,TN
Rossview High School,,TN
Roundup High School,,MT
Roxboro Middle School,,OH
Russell High School,,KY
Russell Middle School,,KY
Sacajawea Middle School,,MT
Sachem North High School,,NY
Saco High School,,MT
Saco Middle School,,MT
Sacred Heart Catholic School,,ID
Sacred Heart Greenwich,,CT
Sage Creek High School,,CA
Sage Valley Junior High School,,WY
Saint Francis High School,Mountain View,CA
Saint Gregory the Great School,,NY
Saint Ignatius Loyola School,,NY
Saint Rose of Lima Catholic School,,TN
Salem High School,,MI
Salesianum School,,DE
Saline High School,,MI
Saline Middle School,,MI
Salk School of Science,,NY
San Francisco University High School,,CA
San Juan Hills High School,,CA
Sanford School,,DE
Saratoga High School,,CA
Sayreville War Memorial High School,,NJ
Scarsdale High School,,NY
Scarsdale Middle School,,NY
Schalmont High School,,NY
Scholars Academy,,SC
School of the Minds,,SC
Science & Arts Academy,,IL
Scottsburg Middle School,,IN
Scranton Middle School,,MI
Scripps Ranch High School,,CA
Segue Institute for Learning,,RI
Sehome High School,,WA
Seminole Science Charter School,,FL
Seneca High School,,NJ
Seneca High School,,PA
Seneca Middle School,,MI
Seneca Ridge Middle School,,VA
Sennett Middle School,,WI
Seton Catholic Central High School,Binghamton,NY
Seton Catholic Central Middle School,,NY
Seton Catholic Middle School,,OH
Seven Bridges Middle School,,NY
Seven Lakes High School,,TX
Seven Lakes Junior High School,,TX
Shady Side Academy Middle School,,PA
Shady Side Academy Senior School,,PA
Shaker Heights High School,,OH
Shaker High School,,NY
Shawnee High School,,OH
Shawnee Middle School,,OH
Sheboygan North High School,,WI
Shelby High School,,MI
Sheldon High School,,CA
Shell Lake High School,,WI
Shepherd Middle School,,MT
Shipley School,,PA
Shore Middle School,,OH
Shorewood High School,,WI
Shorewood Intermediate School,,WI
Shue-Medill Middle School,,DE
Sidney High School,,MT
Sierra Madre Middle School,,CA
Sierra Vista Middle School,,CA
Sierramont Middle School,,CA
Silver Creek High School,,CA
Simms High School,,MT
Simms Middle School,,MT
Simpson Middle School,,GA
Skyline High School,,WA
Skyline Middle School,,DE
Skyridge Middle School,,WA
Slauson Middle School,,MI
Sleeping Giant Middle School,,MT
Slinger High School,,WI
Smith Middle School,,MI
Smithfield High School,,RI
Smithtown High School West,,NY
Smyrna High School,,DE
Smyrna Middle School,,TN
Solon High School,,OH
Solon Middle School,,OH
Solvay High School,,NY
Sonora High School,,CA
South Brunswick High School,,NJ
South Burlington High School,,VT
South Carolina Governor's School for Science and Mathematics,,SC
South Cobb High School,,GA
South County High School,,VA
South County Middle School,,VA
South Forsyth High School,,GA
South Forsyth Middle School,,GA
South Haven High School,,MI
South Lakes High School,,VA
South Middle School,,IL
South Pointe Middle School,,CA
South Windsor High School,,CT
South Woods Middle School,,NY
Southwind High School,,TN
Spackenkill High School,,NY
Sparta High School,,NJ
Sparta High School,,WI
Spencerville Middle School,,OH
Sprayberry High School,,GA
Spring Grove Area Middle School,,PA
Spring Hill Elementary School,,VA
Spring Hill High School,,SC
Spring Valley High School,,WI
Spring Valley Middle School,,WI
Springer Middle School,,DE
Springfield High School,,OH
Springfield High School,,PA
Springfield Middle School,,OH
Springhouse Middle School,,PA
Springton Lake Middle School,,PA
St. Andrew's Episcopal School,,TX
St. Ann School,,DE
St. Anne's Episcopal School,,DE
St. Anthony's High School,,NY
St. Augustine School,,MI
St. Barnabas School,,OH
St. Bernard Academy,,TN
St. Bridget Parish School,,WI
St. Catherine's High School,Racine,WI
St. Catherine's Middle School,,WI
St. Croix Central High School,,WI
St. Edmond's Academy,,DE
St. Edward High School,,OH
St. Elizabeth High School,,DE
St. Francis High School,,CA
St. Francis Xavier School,,OH
St. Ignatius Catholic School,,ID
St. Ignatius High School,,OH
St. Ignatius Loyola Academy,,MD
St. James Academy,,KS
St. John Berchmans Catholic School,,LA
St. John the Apostle Catholic School,,VA
St. John the Evangelist School,,GA
St. John's Catholic Prep,,MD
St. John's Lutheran School,,WI
St. John's Preparatory School,,NY
St. John's School,,MA
St. Johns High School,,MI
St. Johnsbury Academy,,VT
St. Joseph High School,,MI
St. Joseph School,,MT
St. Joseph School,,WI
St. Joseph School,Fort Atkinson,WI
St. Joseph's Catholic School,,ID
St. Joseph's Catholic School,Kennewick,WA
St. Joseph's Collegiate Institute,,NY
St. Lorenz Lutheran School,,MI
St. Lucy Catholic Parish School,,WI
St. Mark's Catholic School,,ID
St. Mark's High School,,DE
St. Martin's Episcopal School,,LA
St. Mary Academy - Bay View,,RI
St. Mary Catholic Community School,,IN
St. Mary Magdalene Middle School,,DE
St. Mary of the Assumption School,,OH
St. Mary's Academy,,OR
St. Mary's Catholic School,,ID
St. Michael-Albertville High School,,MN
St. Michael-Albertville Middle School East/West,,MN
St. Patrick Catholic High School,,MS
St. Patrick Catholic School,,IN
St. Paul's Catholic School,,ID
St. Peter School,,RI
St. Pope John Paul II Middle School,,IN
St. Sebastian School,,OH
St. Thomas Aquinas Catholic School,,KS
St. Thomas More School,,IN
St. Xavier High School,,OH
Stafford High School,,VA
Stafford Middle School,,NY
Stanley Clark School,,IN
Stanley-Boyd High School,,WI
Stanley-Boyd Middle School,,WI
Stanwood High School,,WA
Staples High School,,CT
Starr's Mill High School,,GA
State College Area High School,,PA
Staten Island Technical High School,,NY
Staunton High School,,VA
Steam Heat,,TN
Stephen Decatur Middle School,Berlin,MD
Stevens Point Area Senior High School,,WI
Stevens Point High School,,WI
Stevenson High School,,MI
Stevensville High School,,MT
Stewarts Creek High School,,TN
Stiles Middle School,,TX
Stoller Middle School,,OR
Stone Bridge High School,,VA
Stone High School,,MS
Stone Hill Middle School,,VA
Stow-Munroe Falls High School,,OH
Strath Haven Middle School,,PA
Stroudsburg High School,,PA
Sturgis High School,,MI
Stuyvesant High School,,NY
Sumner Hill Junior High School,,MS
Sun Prairie High School,,WI
Sun Valley High School,,PA
Sunburst Junior High School,,MT
Sunny Hills High School,,CA
Sunset Middle School,,TN
Sunset Park Prep,,NY
Superior Central High School,,MI
Superior Central Middle School,,MI
Sussex Technical High School,,DE
Suzanne Middle School,,CA
Swenson Arts and Technology High School,,PA
Sylvan Middle School,,CA
Sylvania Southview High School,,OH
Syosset High School,,NY
T.R. Smedberg Middle School,,CA
Taft Middle School,,IN
Taft School,,CT
Tall Oaks Classical School,,DE
Tallahassee School of Math and Science,,FL
Talley Middle School,,DE
Tampa Preparatory School,,FL
Tandem Friends School,,VA
Tappan Zee High School,,NY
Tarbiyah School,,DE
Tarbut V'Torah Community Day School,,CA
Target Range School,,MT
Tatnall School,,DE
Taylor Road Middle School,,GA
Teeland Middle School,,AK
Temple City High School,,CA
Tenafly High School,,NJ
Tenafly Middle School,,NJ
Tenakill Middle School,,NJ
Tesoro High School,,CA
Texas Academy of Math and Science,,TX
The College Preparatory School,,CA
The Meadows School,,NV
The Prairie School,,WI
The Stony Brook School,,NY
Theodore Roosevelt High School,San Antonio,TX
Thomas A. Edison High School,,VA
Thomas C. Armstrong Middle School,,NY
Thomas County Middle School,,GA
Thomas Edison EnergySmart Charter School,,NJ
Thomas Jefferson High School for Science and Technology,,VA
Thomas Jefferson Middle School,,IN
Thomas Jefferson Middle School,Madison,WI
Thomas R. Grover Middle School,,NJ
Thomas Russell Middle School,,CA
Thomas Worthington High School,,OH
Thompson Falls High School,,MT
Thompson Falls Junior High School,,MT
Thomson Middle School,,GA
Thornton Academy,,ME
Thornton Junior High School,,CA
Three Forks High School,,MT
Three Forks Middle School,,MT
Three Rivers Middle School,,MI
Thunder Basin High School,,WY
Thunder Bay Junior High School,,MI
Tilden Middle School,,MD
Timberlane Middle School,,NJ
Timberlane Regional High School,,NH
Timberstone Junior High School,,OH
Timothy Edwards Middle School,,CT
Tokay High School,,CA
Toledo Middle School,,WA
Toll Gate High School,,RI
Tomah High School,,WI
Tomah Middle School,,WI
Torrey Hills School,,CA
Torrey Pines High School,,CA
Tower Heights Middle School,,OH
Tower Hill School,,DE
Towle Institute High School,,DE
Towle Institute Middle School,,DE
Townsend Harris High School,,NY
Trabuco Hills High School,,CA
Trailside Middle School,,VA
Transit Middle School,,NY
Travis Ranch Middle School,,CA
Treasure Valley Homeschool,,ID
Treasure Valley Math and Science Center,,ID
Tredyffrin/Easttown Middle School,,PA
Tremper High School,,WI
Tri-Cities Prep Catholic High School,,WA
Tri-North Middle School,,IN
Tri-State Homeschool,,DE
Triangle Math and Science Academy,,NC
Trinity Preparatory School,,FL
Trinity School,,NY
Troy High School,,CA
Troy High School,,MI
Troy Howard Middle School,,ME
Trumbull High School,,CT
Tulare Union High School,,CA
Turlock High School,,CA
Turlock Junior High School,,CA
Turner High School,,WI
Tustin High School,,CA
Twin Falls High School,,ID
Twin Valley Middle School,,PA
Twin Valley South Middle School,,OH
Ukiah High School,,CA
Union County Vocational-Technical Schools,,NJ
Union Endicott High School,,NY
Union High School,,OK
Union High School,,WA
University City High School,,CA
University High School,,AZ
University High School,Fresno,CA
University High School,Irvine,CA
University Prep,,WA
University Preparatory Academy,,CA
University Preparatory High School,,CA
University School,,TN
Upper Dublin High School,,PA
Upton Middle School,,MI
Urbana Middle School,,MD
Ursuline Academy Middle School,,DE
Utah County Academy of Sciences,,UT
Valdosta High School,,GA
Valencia High School,,CA
Valleyview Middle School,,NJ
Vallivue High School,,ID
Vallivue Middle School,,ID
Valwood School,,GA
Vanguard Collegiate Middle School,,MD
Velma Hamilton Middle School,,WI
Verona Area High School,,WI
Verona High School,,NJ
Verona High School,,WI
Vestal High School,,NY
Vickery Creek Middle School,,GA
Victor Public School,,MT
Villa Park High School,,CA
Vinton County Middle School,,OH
Vista Ridge High School,,TX
Vista Verde School,,CA
Voorhees Middle School,,NJ
W.T. Woodson High School,,VA
Wachter Middle School,,ND
Wake Early College of Health and Sciences,,NC
Wallenpaupack Area High School,,PA
Walnut High School,,CA
Walnut Hills High School,,OH
Walnut Hills Middle School,,OH
Walpole Elementary School,,NH
Walter G. O'Connell Copiague High School,,NY
Walter Johnson High School,,MD
Walter T. Bergen Middle School,,NJ
Walton High School,,GA
Wantagh High School,,NY
Ward Melville High School,,NY
Warm Springs Elementary School,,CA
Warner Middle School,,CA
Warren High School,,OH
Warren Middle School,,OH
Warren Mott High School,,MI
Warren Township High School,,IL
Warwick Area Career and Technical Center,,RI
Warwick Middle School,,PA
Warwick Veterans Middle School,,RI
Washington Middle School,,MI
Washington Middle School,,MT
Washington Park High School,,WI
Washougal High School,,WA
Waterford High School,,CT
Waterford Union High School,,WI
Waterville Senior High School,,ME
Wattsburg Area Middle School,,PA
Waubonsie Valley High School,,IL
Waunakee Community High School,,WI
Waunakee Community Middle School,,WI
Wausau East High School,,WI
Wausau West High School,,WI
Wayland High School,,MA
Wayne Highlands Middle School,,PA
Waynesboro Middle School,,PA
Waynflete Middle School,,ME
Waynflete Upper School,,ME
Wayzata High School,,MN
Webb Middle School,,WI
Webster Schroeder High School,,NY
Weiser High School,,ID
Wellesley High School,,MA
Wellesley Middle School,,MA
Wellwood Middle School,,NY
Welsh Valley Middle School,,PA
West Babylon Junior High School,,NY
West Babylon Senior High School,,NY
West Bend West High School,,WI
West Chester East High School,,PA
West Collierville Middle School,,TN
West Forsyth High School,,GA
West Haven High School,,CT
West High School,,CA
West High School,,TN
West Islip High School,,NY
West Junior High School,,ID
West Lafayette Junior/Senior High School,,IN
West Liberty-Salem High School,,OH
West Liberty-Salem Middle School,,OH
West Marion High School,,MS
West Michigan Aviation Academy,,MI
West Milford High School,,NJ
West Morris Central High School,,NJ
West Orange High School,,NJ
West Ottawa High School,,MI
West Point High School,,MS
West Potomac High School,,VA
West Springfield High School,,VA
West Valley Junior High School,,WA
West Windsor-Plainsboro High School North,,NJ
West Windsor-Plainsboro High School South,,NJ
Westborough High School,,MA
Westerly High School,,RI
Westerly Middle School,,RI
Western Hills Middle School,,RI
Westfield High School,,NJ
Westfield High School,,VA
Westlake High School,,CA
Westlake High School,,NY
Westlake High School,,OH
Westlawn Elementary School,,VA
Westminster Academy Middle School,,TN
Westminster School,,VA
Westminster Schools,,GA
Weston High School,,CT
Weston High School,,MA
Westview High School,,CA
Westview High School,,OR
Westville Middle School,,IN
Westwood High School,,TX
Westwood Middle School,,WA
Wheatley High School,,NY
Wheatley School,,NY
Wheeler High School,,GA
Wheeler Middle School,,CT
Wheeler School,,RI
White County High School,,GA
White Pigeon Junior/Senior High School,,MI
White Pine Charter School,,ID
White Pines Intermediate School,Grand Haven,MI
White Station High School,,TN
White Sulphur Springs High School,,MT
Whitehall High School,,PA
Whitehall-Coplay Middle School,,PA
Whitehorse Middle School,,WI
Whitesboro High School,,NY
Whitewater High School,,GA
Whiting High School,,IN
Whitnall High School,,WI
Wichita Collegiate School,,KS
Wickford Middle School,,RI
Wicklund Elementary School,,CA
Wilbraham and Monson Academy,,MA
Wilbur Wright Middle School,,IN
Wilkes Barre Academy,,PA
Wilkinson County Christian Academy,,MS
William Diamond Middle School,,MA
William P. Clements High School,,TX
William Penn High School,,DE
William R. Satz School,,NJ
Williamsville East High School,,NY
Williamsville North High School,,NY
Willie L. Brown Jr. Middle School,,CA
Willink Middle School,,NY
Willow Springs Elementary School,,VA
Willows Preparatory School,,WA
Wilmington Academy of Arts and Sciences,,NC
Wilmington Christian High School,,DE
Wilmington Christian Middle School,,DE
Wilmington Friends High School,,DE
Wilson Middle School,,WA
Wilton High School,,CT
Wilton-Lyndeborough Cooperative Middle High School,,NH
Winamac Middle School,,IN
Winchester Thurston School,,PA
Windham High School,,ME
Windham High School,,NH
Windsor Locks High School,,CT
Windy Ridge Middle School,,FL
Winston Churchill Middle School,,CA
Winthrop High School,,MA
Wisconsin Dells High School,,WI
Wisdom Lane Middle School,,NY
Woodberry Forest School,,VA
Woodbridge High School,,CA
Woodbury High School,,MN
Woodinville High School,,WA
Woodland Middle School,,TN
Woodrow Wilson Middle School,,CT
Woodstock Academy,,CT
Woodward Academy,,GA
Woonsocket High School,,RI
Worthington Kilbourne High School,,OH
Wydown Middle School,,MO
Wyoming Area Secondary Center,,PA
Wyoming High School,,OH
Wyoming Middle School,,OH
Wyoming Seminary,,PA
Yankton High School,,SD
Yankton Middle School,,SD
Yonkers High School,,NY
Yorba Linda High School,,CA
d'Iberville High School,,MS
d'Iberville Middle School,,MS
duPont Manual High School,,KY
Iolani School,,HI